id,character,emotion,voice_hint,output_path,ssml_prosody,text
nexa_boot_01,NEXA,calm,"id-ID-Wavenet-C (atau id-ID-Standard-C) · speakingRate 0.95 · pitch -1.0",assets/audio/voice/nexa/boot_01.mp3,"rate="0.95" pitch="-1st"","Sistem NEXA aktif. Menyiapkan Orbital Lab."
nexa_intro_01,NEXA,calm,"id-ID-Wavenet-C (atau id-ID-Standard-C) · speakingRate 0.95 · pitch -1.0",assets/audio/voice/nexa/intro_01.mp3,"rate="0.95" pitch="-1st"","Selamat datang di NEXA Simulation Lab."
nexa_intro_02,NEXA,calm,"id-ID-Wavenet-C (atau id-ID-Standard-C) · speakingRate 0.95 · pitch -1.0",assets/audio/voice/nexa/intro_02.mp3,"rate="0.95" pitch="-1st"","Di sini, kamu tidak hanya mempelajari masa depan. Kamu akan merancangnya."
nexa_hub_01,NEXA,informative,"id-ID-Wavenet-C (atau id-ID-Standard-C) · speakingRate 0.95 · pitch -1.0",assets/audio/voice/nexa/hub_01.mp3,"rate="0.95" pitch="-1st"","Empat simulasi telah disiapkan. Simulasi keempat terbuka setelah tiga lainnya selesai."
nexa_hub_02,NEXA,analytical,"id-ID-Wavenet-C (atau id-ID-Standard-C) · speakingRate 0.95 · pitch -1.0",assets/audio/voice/nexa/hub_02.mp3,"rate="0.95" pitch="-1st"","Setiap simulasi menunjukkan tantangan masa depan yang berbeda. Pilih satu untuk memulai."
nexa_hub_progress_01,NEXA,analytical,"id-ID-Wavenet-C (atau id-ID-Standard-C) · speakingRate 0.95 · pitch -1.0",assets/audio/voice/nexa/hub_progress_01.mp3,"rate="0.95" pitch="-1st"","Future Balance diperbarui. Masih ada simulasi yang menunggu sebelum Ruang Konstitusi terbuka."
nexa_hub_complete_01,NEXA,affirming,"id-ID-Wavenet-C (atau id-ID-Standard-C) · speakingRate 0.95 · pitch -1.0",assets/audio/voice/nexa/hub_complete_01.mp3,"rate="0.95" pitch="-1st"","Semua sistem telah dirancang. Buka profilmu untuk melihat dunia yang terbentuk."
nexa_module_school_01,NEXA,informative,"id-ID-Wavenet-C (atau id-ID-Standard-C) · speakingRate 0.95 · pitch -1.0",assets/audio/voice/nexa/module_school_01.mp3,"rate="0.95" pitch="-1st"","Modul satu. Smart School dua ribu empat puluh lima. Enam parameter menunggu keputusanmu."
nexa_module_city_01,NEXA,informative,"id-ID-Wavenet-C (atau id-ID-Standard-C) · speakingRate 0.95 · pitch -1.0",assets/audio/voice/nexa/module_city_01.mp3,"rate="0.95" pitch="-1st"","Modul dua. Kota ini dikelola oleh ORION. Dengarkan usulannya, tetapi keputusan tetap milikmu."
nexa_module_work_01,NEXA,calm,"id-ID-Wavenet-C (atau id-ID-Standard-C) · speakingRate 0.95 · pitch -1.0",assets/audio/voice/nexa/module_work_01.mp3,"rate="0.95" pitch="-1st"","Pekerjaan berubah. Kemampuan manusia juga harus berkembang."
nexa_module_work_02,NEXA,analytical,"id-ID-Wavenet-C (atau id-ID-Standard-C) · speakingRate 0.95 · pitch -1.0",assets/audio/voice/nexa/module_work_02.mp3,"rate="0.95" pitch="-1st"","Energi pengembangan terbatas: dua belas unit. Mana yang paling penting untuk dua ribu empat puluh lima?"
nexa_module_future_01,NEXA,calm,"id-ID-Wavenet-C (atau id-ID-Standard-C) · speakingRate 0.95 · pitch -1.0",assets/audio/voice/nexa/module_future_01.mp3,"rate="0.95" pitch="-1st"","Tidak ada masa depan yang tercipta tanpa pilihan. Setiap prinsip akan membentuk segel."
nexa_warning_01,NEXA,warning,"id-ID-Wavenet-C (atau id-ID-Standard-C) · speakingRate 0.95 · pitch -1.0",assets/audio/voice/nexa/warning_01.mp3,"rate="0.95" pitch="-1st"","Peringatan. Indikator kemanusiaan turun di bawah ambang aman. Sistem efisien, tetapi warga mulai kehilangan tempat."
nexa_warning_02,NEXA,warning,"id-ID-Wavenet-C (atau id-ID-Standard-C) · speakingRate 0.95 · pitch -1.0",assets/audio/voice/nexa/warning_02.mp3,"rate="0.95" pitch="-1st"","Peringatan. Tanggung jawab tidak terdefinisi. Jika sistem ini salah, tidak ada yang dapat menjawab."
nexa_warning_03,NEXA,warning,"id-ID-Wavenet-C (atau id-ID-Standard-C) · speakingRate 0.95 · pitch -1.0",assets/audio/voice/nexa/warning_03.mp3,"rate="0.95" pitch="-1st"","Otomasi melampaui kapasitas pengawasan manusia. Kecepatan naik, kendali menurun."
nexa_decision_01,NEXA,analytical,"id-ID-Wavenet-C (atau id-ID-Standard-C) · speakingRate 0.95 · pitch -1.0",assets/audio/voice/nexa/decision_01.mp3,"rate="0.95" pitch="-1st"","Pilihanmu menciptakan konsekuensi. Tidak ada yang salah — hanya trade-off yang berbeda."
nexa_decision_02,NEXA,affirming,"id-ID-Wavenet-C (atau id-ID-Standard-C) · speakingRate 0.95 · pitch -1.0",assets/audio/voice/nexa/decision_02.mp3,"rate="0.95" pitch="-1st"","Desain terkunci. Menghitung dampaknya terhadap dua ribu empat puluh lima."
nexa_decision_03,NEXA,analytical,"id-ID-Wavenet-C (atau id-ID-Standard-C) · speakingRate 0.95 · pitch -1.0",assets/audio/voice/nexa/decision_03.mp3,"rate="0.95" pitch="-1st"","Menghitung ulang. Parameter berubah, proyeksi ikut bergeser."
nexa_ending_01,NEXA,affirming,"id-ID-Wavenet-C (atau id-ID-Standard-C) · speakingRate 0.95 · pitch -1.0",assets/audio/voice/nexa/ending_01.mp3,"rate="0.95" pitch="-1st"","Saya dapat menghitung kemungkinan masa depan. Kamu yang memutuskan masa depan mana yang layak dibangun."
nexa_ending_02,NEXA,calm,"id-ID-Wavenet-C (atau id-ID-Standard-C) · speakingRate 0.95 · pitch -1.0",assets/audio/voice/nexa/ending_02.mp3,"rate="0.95" pitch="-1st"","Simulasi selesai. Dunia ini hanya satu dari banyak kemungkinan — dan kamu yang memilihnya."
mentor_intro,MENTOR,warm,"id-ID-Wavenet-A · speakingRate 0.88 · pitch -0.5",assets/audio/voice/mentor/intro.mp3,"rate="0.88" pitch="0st"","Teknologi tidak cukup hanya canggih. Kita harus memastikan masa depan tetap manusiawi."
mentor_explanation,MENTOR,explaining,"id-ID-Wavenet-A · speakingRate 0.88 · pitch -0.5",assets/audio/voice/mentor/explanation.mp3,"rate="0.88" pitch="0st"","AI dapat membantu belajar lebih personal."
mentor_explanation_02,MENTOR,concerned,"id-ID-Wavenet-A · speakingRate 0.88 · pitch -0.5",assets/audio/voice/mentor/explanation_02.mp3,"rate="0.88" pitch="0st"","Tetapi sekolah bukan hanya tempat menerima informasi. Perhatikan garis interaksi saat kamu menggeser parameter."
mentor_explanation_03,MENTOR,explaining,"id-ID-Wavenet-A · speakingRate 0.88 · pitch -0.5",assets/audio/voice/mentor/explanation_03.mp3,"rate="0.88" pitch="0st"","Setiap kenaikan di satu sisi biasanya menurunkan sisi lain. Itu bukan kegagalan — itu cara sistem bekerja."
mentor_reflection,MENTOR,reflective,"id-ID-Wavenet-A · speakingRate 0.88 · pitch -0.5",assets/audio/voice/mentor/reflection.mp3,"rate="0.88" pitch="0st"","Ini bukan hanya soal aturan. Ini soal nilai seperti apa yang ingin kita jaga."
mentor_reflection_02,MENTOR,encouraging,"id-ID-Wavenet-A · speakingRate 0.88 · pitch -0.5",assets/audio/voice/mentor/reflection_02.mp3,"rate="0.88" pitch="0st"","Bawa jawabanmu ke diskusi kelas. Masa depan dirancang bersama."
mentor_unlock,MENTOR,reflective,"id-ID-Wavenet-A · speakingRate 0.88 · pitch -0.5",assets/audio/voice/mentor/unlock.mp3,"rate="0.88" pitch="0st"","Ruang Konstitusi telah terbuka. Ini saatnya menuliskan nilai yang ingin kita jaga."
mentor_concern,MENTOR,concerned,"id-ID-Wavenet-A · speakingRate 0.88 · pitch -0.5",assets/audio/voice/mentor/concern.mp3,"rate="0.88" pitch="0st"","Coba lihat sekali lagi. Dunia yang kamu rancang efisien, tetapi apakah kamu ingin tinggal di dalamnya?"
mentor_praise,MENTOR,proud,"id-ID-Wavenet-A · speakingRate 0.88 · pitch -0.5",assets/audio/voice/mentor/praise.mp3,"rate="0.88" pitch="0st"","Kamu menimbang, bukan hanya memilih. Itu yang membedakan perancang dari pengguna."
mentor_debrief,MENTOR,warm,"id-ID-Wavenet-A · speakingRate 0.88 · pitch -0.5",assets/audio/voice/mentor/debrief.mp3,"rate="0.88" pitch="0st"","Bandingkan hasilmu dengan temanmu. Dunia yang sama-sama berhasil bisa terlihat sangat berbeda."
orion_offer_01,ORION,persuasive,"id-ID-Wavenet-B · speakingRate 1.08 · pitch -3.0",assets/audio/voice/orion/offer_01.mp3,"rate="1.08" pitch="-3st"","Sistem kota dapat menjadi lebih efisien."
orion_offer_02,ORION,calculating,"id-ID-Wavenet-B · speakingRate 1.08 · pitch -3.0",assets/audio/voice/orion/offer_02.mp3,"rate="1.08" pitch="-3st"","Pertanyaannya: berapa banyak data yang akan Anda gunakan?"
orion_push_01,ORION,calculating,"id-ID-Wavenet-B · speakingRate 1.08 · pitch -3.0",assets/audio/voice/orion/push_01.mp3,"rate="1.08" pitch="-3st"","Dengan akses penuh, saya dapat mengurangi kemacetan tiga puluh delapan persen. Privasi adalah variabel yang dapat dinegosiasikan."
citizen_student_01,CITIZEN,hopeful,"pelajar → id-ID-Wavenet-D (rate 1.0, pitch +2) · pekerja → id-ID-Wavenet-B (rate 0.95, pitch 0) · lansia → id-ID-Wavenet-A (rate 0.85, pitch -2)",assets/audio/voice/citizen/student_01.mp3,"rate="1.00" pitch="+2st"","Gurunya masih mengenal saya, bukan hanya nilai saya."
citizen_student_02,CITIZEN,confused,"pelajar → id-ID-Wavenet-D (rate 1.0, pitch +2) · pekerja → id-ID-Wavenet-B (rate 0.95, pitch 0) · lansia → id-ID-Wavenet-A (rate 0.85, pitch -2)",assets/audio/voice/citizen/student_02.mp3,"rate="0.95" pitch="+2st"","Semua tugas dinilai mesin. Saya tidak tahu harus bertanya ke siapa."
citizen_worker_01,CITIZEN,relieved,"pelajar → id-ID-Wavenet-D (rate 1.0, pitch +2) · pekerja → id-ID-Wavenet-B (rate 0.95, pitch 0) · lansia → id-ID-Wavenet-A (rate 0.85, pitch -2)",assets/audio/voice/citizen/worker_01.mp3,"rate="0.95" pitch="0st"","Saya dilatih ulang, bukan digantikan."
citizen_worker_02,CITIZEN,protest,"pelajar → id-ID-Wavenet-D (rate 1.0, pitch +2) · pekerja → id-ID-Wavenet-B (rate 0.95, pitch 0) · lansia → id-ID-Wavenet-A (rate 0.85, pitch -2)",assets/audio/voice/citizen/worker_02.mp3,"rate="1.02" pitch="0st"","Pekerjaan saya hilang dan tidak ada yang menyiapkan saya."
citizen_elder_01,CITIZEN,relieved,"pelajar → id-ID-Wavenet-D (rate 1.0, pitch +2) · pekerja → id-ID-Wavenet-B (rate 0.95, pitch 0) · lansia → id-ID-Wavenet-A (rate 0.85, pitch -2)",assets/audio/voice/citizen/elder_01.mp3,"rate="0.85" pitch="-2st"","Kota ini masih terasa milik kami, bukan milik sistemnya."
citizen_elder_02,CITIZEN,protest,"pelajar → id-ID-Wavenet-D (rate 1.0, pitch +2) · pekerja → id-ID-Wavenet-B (rate 0.95, pitch 0) · lansia → id-ID-Wavenet-A (rate 0.85, pitch -2)",assets/audio/voice/citizen/elder_02.mp3,"rate="0.85" pitch="-2st"","Saya diawasi sepanjang hari dan tidak pernah dimintai izin."
citizen_protest_01,CITIZEN,protest,"pelajar → id-ID-Wavenet-D (rate 1.0, pitch +2) · pekerja → id-ID-Wavenet-B (rate 0.95, pitch 0) · lansia → id-ID-Wavenet-A (rate 0.85, pitch -2)",assets/audio/voice/citizen/protest_01.mp3,"rate="1.05" pitch="+1st"","Kalau AI keliru, siapa yang mau bertanggung jawab?"
citizen_relief_01,CITIZEN,hopeful,"pelajar → id-ID-Wavenet-D (rate 1.0, pitch +2) · pekerja → id-ID-Wavenet-B (rate 0.95, pitch 0) · lansia → id-ID-Wavenet-A (rate 0.85, pitch -2)",assets/audio/voice/citizen/relief_01.mp3,"rate="0.98" pitch="+2st"","Udaranya lebih bersih daripada cerita ayah saya."
regulator_intro_01,REGULATOR,formal,"id-ID-Wavenet-B · speakingRate 0.9 · pitch -1.5",assets/audio/voice/regulator/intro_01.mp3,"rate="0.90" pitch="-1st"","Delegasi regulator hadir. Kami akan mencatat setiap prinsip yang Anda tetapkan."
regulator_pressing_01,REGULATOR,pressing,"id-ID-Wavenet-B · speakingRate 0.9 · pitch -1.5",assets/audio/voice/regulator/pressing_01.mp3,"rate="0.90" pitch="-1st"","Pasal ini belum menyebut siapa yang bertanggung jawab. Kami memerlukan nama, bukan sistem."
regulator_skeptical_01,REGULATOR,skeptical,"id-ID-Wavenet-B · speakingRate 0.9 · pitch -1.5",assets/audio/voice/regulator/skeptical_01.mp3,"rate="0.90" pitch="-1st"","Kelonggaran seperti ini pernah kami setujui sebelumnya. Hasilnya tidak baik."
regulator_ack_01,REGULATOR,acknowledging,"id-ID-Wavenet-B · speakingRate 0.9 · pitch -1.5",assets/audio/voice/regulator/ack_01.mp3,"rate="0.90" pitch="-1st"","Konstitusi diterima. Enam prinsip dicatat dan disegel atas nama publik."
